{"stats":{"minecraft:custom":{"minecraft:jump":116,"minecraft:time_since_rest":6776,"minecraft:damage_dealt":446,"minecraft:crouch_one_cm":413,"minecraft:sprint_one_cm":3519,"minecraft:deaths":3,"minecraft:play_time":10782,"minecraft:damage_taken":890,"minecraft:time_since_death":5503,"minecraft:walk_one_cm":35929,"minecraft:sneak_time":87,"minecraft:total_world_time":10782,"minecraft:mob_kills":2,"minecraft:fall_one_cm":1506,"minecraft:fly_one_cm":4670,"minecraft:player_kills":1},"minecraft:picked_up":{"minecraft:bone":1,"minecraft:arrow":2,"minecraft:stick":2,"minecraft:oak_log":4},"minecraft:mined":{"minecraft:oak_log":4},"minecraft:killed_by":{"minecraft:zombie":3},"minecraft:killed":{"minecraft:skeleton":1,"minecraft:armadillo":1}},"DataVersion":3953}