{"stats":{"minecraft:dropped":{"minecraft:lapis_lazuli":19,"minecraft:cooked_beef":2,"minecraft:stone_sword":5,"minecraft:cooked_porkchop":1,"minecraft:iron_helmet":1,"minecraft:oak_planks":10,"minecraft:iron_boots":1,"minecraft:diorite":1,"minecraft:iron_chestplate":1,"minecraft:iron_leggings":1,"minecraft:wooden_sword":2,"minecraft:stone_pickaxe":4},"minecraft:custom":{"minecraft:interact_with_furnace":76,"minecraft:mob_kills":46,"minecraft:interact_with_crafting_table":33,"minecraft:time_since_death":22620,"minecraft:time_since_rest":22646,"minecraft:sprint_one_cm":59945,"minecraft:damage_taken":1132,"minecraft:walk_one_cm":59701,"minecraft:damage_blocked_by_shield":143,"minecraft:drop":28,"minecraft:damage_dealt":6291,"minecraft:fly_one_cm":81654,"minecraft:crouch_one_cm":8957,"minecraft:play_time":29593,"minecraft:deaths":1,"minecraft:sneak_time":3279,"minecraft:jump":583,"minecraft:walk_on_water_one_cm":1017,"minecraft:total_world_time":29593,"minecraft:fall_one_cm":11520},"minecraft:crafted":{"minecraft:cooked_beef":3,"minecraft:wooden_sword":1,"minecraft:oak_planks":36,"minecraft:cooked_porkchop":7,"minecraft:crafting_table":1,"minecraft:iron_helmet":2,"minecraft:wooden_pickaxe":1,"minecraft:iron_sword":1,"minecraft:furnace":3,"minecraft:bucket":1,"minecraft:stone_axe":1,"minecraft:cooked_mutton":6,"minecraft:air":0,"minecraft:iron_boots":2,"minecraft:iron_chestplate":2,"minecraft:shield":1,"minecraft:iron_axe":1,"minecraft:stick":12,"minecraft:iron_ingot":74,"minecraft:iron_pickaxe":1,"minecraft:stone_pickaxe":2,"minecraft:stone_sword":2,"minecraft:iron_leggings":2},"minecraft:used":{"minecraft:cooked_mutton":3,"minecraft:water_bucket":1,"minecraft:diorite":2,"minecraft:stone_sword":94,"minecraft:stone_pickaxe":125,"minecraft:shield":4,"minecraft:wooden_pickaxe":6,"minecraft:iron_sword":9,"minecraft:salmon":1,"minecraft:white_wool":2,"minecraft:dirt":14,"minecraft:crafting_table":5,"minecraft:granite":1,"minecraft:iron_axe":1,"minecraft:iron_pickaxe":26,"minecraft:smooth_basalt":1,"minecraft:stone_axe":30,"minecraft:cobblestone":1,"minecraft:furnace":7,"minecraft:cooked_porkchop":6,"minecraft:bucket":2,"minecraft:cooked_beef":1},"minecraft:killed":{"minecraft:pig":4,"minecraft:spider":4,"minecraft:slime":1,"minecraft:skeleton":6,"minecraft:sheep":3,"minecraft:zombie":22,"minecraft:chicken":4,"minecraft:enderman":1,"minecraft:cow":1},"minecraft:picked_up":{"minecraft:crafting_table":6,"minecraft:feather":8,"minecraft:chicken":4,"minecraft:salmon":1,"minecraft:leather":2,"minecraft:wooden_pickaxe":1,"minecraft:oak_log":14,"minecraft:amethyst_block":2,"minecraft:lapis_lazuli":38,"minecraft:string":6,"minecraft:dirt":24,"minecraft:wooden_sword":1,"minecraft:cooked_mutton":2,"minecraft:bone":3,"minecraft:wheat_seeds":8,"minecraft:cobbled_deepslate":4,"minecraft:stone_pickaxe":5,"minecraft:beef":3,"minecraft:sugar_cane":10,"minecraft:oak_planks":1,"minecraft:furnace":7,"minecraft:stick":8,"minecraft:raw_iron":84,"minecraft:smooth_basalt":1,"minecraft:porkchop":20,"minecraft:diorite":3,"minecraft:spider_eye":3,"minecraft:stone_sword":4,"minecraft:arrow":9,"minecraft:rotten_flesh":17,"minecraft:diamond":2,"minecraft:granite":2,"minecraft:coal":107,"minecraft:mutton":21,"minecraft:white_wool":14,"minecraft:cobblestone":45},"minecraft:mined":{"minecraft:deepslate_diamond_ore":2,"minecraft:crafting_table":5,"minecraft:glow_lichen":2,"minecraft:granite":2,"minecraft:short_grass":5,"minecraft:grass_block":3,"minecraft:tall_grass":9,"minecraft:cobblestone":1,"minecraft:sugar_cane":2,"minecraft:diorite":3,"minecraft:amethyst_block":2,"minecraft:furnace":6,"minecraft:iron_ore":57,"minecraft:oak_log":9,"minecraft:coal_ore":20,"minecraft:deepslate_iron_ore":9,"minecraft:dirt":11,"minecraft:smooth_basalt":1,"minecraft:stone":45,"minecraft:deepslate":4,"minecraft:white_wool":2,"minecraft:oak_leaves":1},"minecraft:killed_by":{"minecraft:enderman":1}},"DataVersion":3953}