{"stats":{"minecraft:dropped":{"minecraft:lapis_lazuli":19,"minecraft:stone_sword":3,"minecraft:oak_planks":5,"minecraft:wooden_sword":2,"minecraft:stone_pickaxe":3},"minecraft:custom":{"minecraft:interact_with_furnace":22,"minecraft:mob_kills":39,"minecraft:interact_with_crafting_table":17,"minecraft:time_since_death":10620,"minecraft:time_since_rest":10646,"minecraft:sprint_one_cm":41159,"minecraft:damage_taken":1020,"minecraft:walk_one_cm":43192,"minecraft:damage_blocked_by_shield":108,"minecraft:drop":14,"minecraft:damage_dealt":4901,"minecraft:fly_one_cm":62981,"minecraft:crouch_one_cm":6894,"minecraft:play_time":17593,"minecraft:deaths":1,"minecraft:sneak_time":2323,"minecraft:jump":434,"minecraft:walk_on_water_one_cm":1017,"minecraft:total_world_time":17593,"minecraft:fall_one_cm":8762},"minecraft:crafted":{"minecraft:cooked_beef":3,"minecraft:wooden_sword":1,"minecraft:oak_planks":28,"minecraft:cooked_porkchop":7,"minecraft:crafting_table":1,"minecraft:wooden_pickaxe":1,"minecraft:furnace":3,"minecraft:stone_axe":1,"minecraft:cooked_mutton":6,"minecraft:air":0,"minecraft:shield":1,"minecraft:stick":12,"minecraft:iron_ingot":1,"minecraft:stone_pickaxe":2,"minecraft:stone_sword":2},"minecraft:used":{"minecraft:cooked_mutton":3,"minecraft:diorite":2,"minecraft:stone_sword":79,"minecraft:stone_pickaxe":111,"minecraft:shield":3,"minecraft:wooden_pickaxe":6,"minecraft:salmon":1,"minecraft:white_wool":2,"minecraft:dirt":12,"minecraft:crafting_table":4,"minecraft:stone_axe":30,"minecraft:cobblestone":1,"minecraft:furnace":5,"minecraft:cooked_porkchop":5},"minecraft:killed":{"minecraft:pig":4,"minecraft:spider":2,"minecraft:slime":1,"minecraft:skeleton":5,"minecraft:sheep":3,"minecraft:zombie":18,"minecraft:chicken":4,"minecraft:enderman":1,"minecraft:cow":1},"minecraft:picked_up":{"minecraft:crafting_table":4,"minecraft:feather":8,"minecraft:chicken":4,"minecraft:salmon":1,"minecraft:leather":2,"minecraft:wooden_pickaxe":1,"minecraft:oak_log":14,"minecraft:amethyst_block":2,"minecraft:lapis_lazuli":38,"minecraft:string":4,"minecraft:dirt":24,"minecraft:wooden_sword":1,"minecraft:cooked_mutton":2,"minecraft:bone":3,"minecraft:wheat_seeds":8,"minecraft:stone_pickaxe":3,"minecraft:beef":3,"minecraft:sugar_cane":10,"minecraft:oak_planks":1,"minecraft:furnace":4,"minecraft:stick":3,"minecraft:raw_iron":36,"minecraft:smooth_basalt":1,"minecraft:porkchop":20,"minecraft:diorite":3,"minecraft:spider_eye":1,"minecraft:stone_sword":3,"minecraft:arrow":9,"minecraft:rotten_flesh":14,"minecraft:granite":2,"minecraft:coal":89,"minecraft:mutton":21,"minecraft:white_wool":14,"minecraft:cobblestone":44},"minecraft:mined":{"minecraft:crafting_table":3,"minecraft:glow_lichen":1,"minecraft:granite":2,"minecraft:short_grass":5,"minecraft:grass_block":3,"minecraft:tall_grass":9,"minecraft:cobblestone":1,"minecraft:sugar_cane":2,"minecraft:diorite":3,"minecraft:amethyst_block":2,"minecraft:furnace":3,"minecraft:iron_ore":39,"minecraft:oak_log":9,"minecraft:coal_ore":20,"minecraft:dirt":11,"minecraft:smooth_basalt":1,"minecraft:stone":44,"minecraft:white_wool":2,"minecraft:oak_leaves":1},"minecraft:killed_by":{"minecraft:enderman":1}},"DataVersion":3953}