{"stats":{"minecraft:dropped":{"minecraft:wheat_seeds":6,"minecraft:lapis_lazuli":19,"minecraft:stone_sword":1,"minecraft:raw_iron":19,"minecraft:rotten_flesh":2,"minecraft:oak_planks":1,"minecraft:granite":1,"minecraft:coal":13,"minecraft:stick":5,"minecraft:wooden_sword":1,"minecraft:spider_eye":1,"minecraft:arrow":1,"minecraft:stone_pickaxe":1,"minecraft:string":1},"minecraft:custom":{"minecraft:interact_with_furnace":22,"minecraft:mob_kills":14,"minecraft:interact_with_crafting_table":3,"minecraft:time_since_death":18800,"minecraft:time_since_rest":18830,"minecraft:sprint_one_cm":67229,"minecraft:damage_taken":1734,"minecraft:walk_one_cm":159345,"minecraft:damage_blocked_by_shield":180,"minecraft:drop":20,"minecraft:damage_dealt":3302,"minecraft:swim_one_cm":6267,"minecraft:fly_one_cm":34697,"minecraft:crouch_one_cm":4531,"minecraft:play_time":29664,"minecraft:deaths":3,"minecraft:sneak_time":1601,"minecraft:walk_under_water_one_cm":2448,"minecraft:jump":402,"minecraft:walk_on_water_one_cm":3540,"minecraft:total_world_time":29664,"minecraft:fall_one_cm":8543},"minecraft:crafted":{"minecraft:cooked_porkchop":3,"minecraft:iron_sword":1,"minecraft:cooked_mutton":4,"minecraft:air":0,"minecraft:shield":1,"minecraft:stick":8,"minecraft:iron_ingot":13,"minecraft:iron_pickaxe":1},"minecraft:used":{"minecraft:cooked_mutton":4,"minecraft:diorite":2,"minecraft:stone_sword":29,"minecraft:stone_pickaxe":29,"minecraft:shield":6,"minecraft:iron_sword":21,"minecraft:iron_chestplate":1,"minecraft:iron_pickaxe":98,"minecraft:iron_boots":1,"minecraft:wooden_sword":12,"minecraft:cobblestone":8,"minecraft:cooked_porkchop":4,"minecraft:cooked_beef":1},"minecraft:killed":{"minecraft:salmon":1,"minecraft:spider":2,"minecraft:sheep":6,"minecraft:skeleton":1,"minecraft:zombie":4},"minecraft:picked_up":{"minecraft:iron_chestplate":1,"minecraft:crafting_table":2,"minecraft:feather":4,"minecraft:cooked_beef":2,"minecraft:andesite":4,"minecraft:salmon":1,"minecraft:leather":1,"minecraft:wooden_pickaxe":1,"minecraft:lapis_lazuli":100,"minecraft:string":1,"minecraft:wooden_sword":1,"minecraft:iron_leggings":1,"minecraft:cooked_mutton":1,"minecraft:bone":2,"minecraft:wheat_seeds":18,"minecraft:cobbled_deepslate":2,"minecraft:raw_gold":4,"minecraft:beef":3,"minecraft:stone_pickaxe":4,"minecraft:sugar_cane":5,"minecraft:oak_planks":13,"minecraft:iron_boots":1,"minecraft:furnace":1,"minecraft:raw_iron":64,"minecraft:stick":2,"minecraft:cooked_porkchop":1,"minecraft:porkchop":10,"minecraft:diorite":5,"minecraft:spider_eye":1,"minecraft:stone_sword":7,"minecraft:arrow":3,"minecraft:rotten_flesh":4,"minecraft:stone_axe":1,"minecraft:iron_helmet":1,"minecraft:granite":1,"minecraft:mutton":14,"minecraft:coal":40,"minecraft:white_wool":6,"minecraft:cobblestone":25},"minecraft:mined":{"minecraft:short_grass":8,"minecraft:cobblestone":5,"minecraft:tall_grass":1,"minecraft:lapis_ore":7,"minecraft:diorite":4,"minecraft:furnace":1,"minecraft:iron_ore":24,"minecraft:andesite":4,"minecraft:deepslate_lapis_ore":2,"minecraft:coal_ore":37,"minecraft:deepslate_iron_ore":17,"minecraft:stone":18,"minecraft:gold_ore":4,"minecraft:deepslate":2},"minecraft:killed_by":{"minecraft:zombie":2,"minecraft:enderman":1}},"DataVersion":3953}