{"stats":{"minecraft:dropped":{"minecraft:wheat_seeds":6,"minecraft:lapis_lazuli":19,"minecraft:oak_planks":1,"minecraft:rotten_flesh":2,"minecraft:wooden_sword":1,"minecraft:arrow":1,"minecraft:granite":1,"minecraft:string":1,"minecraft:coal":13},"minecraft:custom":{"minecraft:time_since_rest":6830,"minecraft:interact_with_furnace":16,"minecraft:sprint_one_cm":53979,"minecraft:damage_taken":1360,"minecraft:walk_one_cm":102437,"minecraft:mob_kills":9,"minecraft:drop":15,"minecraft:damage_dealt":2162,"minecraft:interact_with_crafting_table":2,"minecraft:swim_one_cm":6267,"minecraft:fly_one_cm":30105,"minecraft:crouch_one_cm":4417,"minecraft:play_time":17664,"minecraft:deaths":3,"minecraft:sneak_time":1412,"minecraft:walk_under_water_one_cm":1035,"minecraft:jump":278,"minecraft:time_since_death":6800,"minecraft:walk_on_water_one_cm":3104,"minecraft:total_world_time":17664,"minecraft:fall_one_cm":7105},"minecraft:crafted":{"minecraft:cooked_porkchop":3,"minecraft:stick":8,"minecraft:iron_pickaxe":1,"minecraft:iron_ingot":5,"minecraft:cooked_mutton":4,"minecraft:air":0},"minecraft:used":{"minecraft:cooked_mutton":2,"minecraft:stone_sword":29,"minecraft:stone_pickaxe":29,"minecraft:wooden_sword":12,"minecraft:cooked_porkchop":3},"minecraft:killed":{"minecraft:sheep":6,"minecraft:zombie":1,"minecraft:salmon":1,"minecraft:spider":1},"minecraft:picked_up":{"minecraft:stick":2,"minecraft:crafting_table":2,"minecraft:raw_iron":36,"minecraft:feather":4,"minecraft:salmon":1,"minecraft:leather":1,"minecraft:wooden_pickaxe":1,"minecraft:porkchop":10,"minecraft:lapis_lazuli":57,"minecraft:string":1,"minecraft:wooden_sword":1,"minecraft:cooked_mutton":1,"minecraft:arrow":1,"minecraft:stone_sword":5,"minecraft:rotten_flesh":3,"minecraft:stone_axe":1,"minecraft:wheat_seeds":18,"minecraft:granite":1,"minecraft:beef":3,"minecraft:stone_pickaxe":4,"minecraft:sugar_cane":5,"minecraft:coal":13,"minecraft:mutton":14,"minecraft:oak_planks":8,"minecraft:white_wool":6},"minecraft:mined":{"minecraft:iron_ore":5,"minecraft:short_grass":8,"minecraft:coal_ore":13,"minecraft:deepslate_iron_ore":7,"minecraft:tall_grass":1,"minecraft:lapis_ore":3},"minecraft:killed_by":{"minecraft:zombie":2,"minecraft:enderman":1}},"DataVersion":3953}