{"stats":{"minecraft:crafted":{"minecraft:oak_planks":16,"minecraft:crafting_table":1},"minecraft:custom":{"minecraft:time_since_rest":3459,"minecraft:crouch_one_cm":375,"minecraft:walk_one_cm":16731,"minecraft:damage_taken":510,"minecraft:play_time":23795,"minecraft:sprint_one_cm":15288,"minecraft:deaths":2,"minecraft:sneak_time":304,"minecraft:mob_kills":1,"minecraft:jump":230,"minecraft:damage_dealt":347,"minecraft:time_since_death":3435,"minecraft:total_world_time":23795,"minecraft:fall_one_cm":3733,"minecraft:fly_one_cm":25377},"minecraft:picked_up":{"minecraft:stick":4,"minecraft:cactus":5,"minecraft:rotten_flesh":1,"minecraft:armadillo_scute":1,"minecraft:sand":6,"minecraft:oak_log":4},"minecraft:mined":{"minecraft:oak_log":4,"minecraft:cactus":2,"minecraft:dead_bush":3,"minecraft:sand":3,"minecraft:oak_leaves":1},"minecraft:killed_by":{"minecraft:husk":1,"minecraft:player":1},"minecraft:killed":{"minecraft:husk":1}},"DataVersion":3953}